timestamp,open,high,low,close,volume,spread
2025-12-30 00:00:00,1.35087,1.351015,1.3508,1.3508600000000002,213.01999657601118,6.905660377358065e-05
2025-12-30 00:05:00,1.3508750000000003,1.3510050000000002,1.3508550000000001,1.3510050000000002,128.44999766349792,6.71666666666737e-05
2025-12-30 00:10:00,1.351015,1.351015,1.3508550000000001,1.3508550000000001,45.49999910593033,6.0869565217423215e-05
2025-12-30 00:15:00,1.35087,1.3509550000000001,1.3508550000000001,1.3509550000000001,147.98999885469675,6.788235294119276e-05
2025-12-30 00:20:00,1.35095,1.35101,1.350905,1.350985,136.6999984458089,6.605633802815768e-05
2025-12-30 00:25:00,1.350975,1.350975,1.350895,1.3509250000000002,44.88999915122986,5.1363636363619605e-05
2025-12-30 00:30:00,1.350905,1.3509550000000001,1.3506400000000003,1.3506650000000002,133.81999742984772,5.264705882352492e-05
2025-12-30 00:35:00,1.3506550000000002,1.3506900000000002,1.3505850000000001,1.3506150000000001,112.04999768733978,5.39215686274211e-05
2025-12-30 00:40:00,1.3505950000000002,1.3506,1.35046,1.35051,116.70999801158905,7.406779661016171e-05
2025-12-30 00:45:00,1.3505150000000001,1.3505800000000001,1.350475,1.3504850000000002,222.32999670505524,7.89473684210416e-05
2025-12-30 00:50:00,1.350475,1.350475,1.35024,1.3503450000000001,501.29999320209026,9.627272727272515e-05
2025-12-30 00:55:00,1.350335,1.3503550000000002,1.3500200000000002,1.3502750000000001,462.57999012619257,6.772727272728243e-05
2025-12-30 01:00:00,1.3502450000000001,1.3502450000000001,1.3499250000000003,1.349955,266.89999520778656,5.537190082646404e-05
2025-12-30 01:05:00,1.349965,1.3500900000000002,1.349785,1.3498450000000002,285.14999460428953,5.992907801418173e-05
2025-12-30 01:10:00,1.3498350000000001,1.3502550000000002,1.3498350000000001,1.3502450000000001,223.90999656915665,8.457943925236138e-05
2025-12-30 01:15:00,1.35025,1.3504900000000002,1.35012,1.35039,283.41999608278275,8.250000000001312e-05
2025-12-30 01:20:00,1.3503850000000002,1.3503850000000002,1.3500750000000001,1.350085,251.42999577522278,7.96330275229258e-05
2025-12-30 01:25:00,1.3500750000000001,1.3500750000000001,1.349855,1.349885,152.50999718904495,6.422222222217913e-05
2025-12-30 01:30:00,1.3498700000000001,1.35031,1.3498550000000002,1.35017,442.8799937069416,9.05464480874182e-05
2025-12-30 01:35:00,1.3501800000000002,1.3504550000000002,1.3501250000000002,1.3504550000000002,371.05999401956797,9.602564102562817e-05
2025-12-30 01:40:00,1.35045,1.350545,1.35038,1.3505250000000002,423.2599943578243,9.631250000001479e-05
2025-12-30 01:45:00,1.350535,1.350645,1.350465,1.35059,156.5799972936511,7.323943661973213e-05
2025-12-30 01:50:00,1.3505850000000001,1.350705,1.350475,1.3506850000000001,156.36999701708555,5.564102564102577e-05
2025-12-30 01:55:00,1.350695,1.35095,1.350645,1.350875,311.80999486893415,5.230769230768911e-05
2025-12-30 02:00:00,1.3508900000000001,1.351175,1.3508550000000001,1.351015,333.9599938839674,5.503311258278466e-05
2025-12-30 02:05:00,1.3509950000000002,1.351035,1.3505800000000001,1.3505800000000001,403.2099950313568,7.971590909091406e-05
2025-12-30 02:10:00,1.3505850000000001,1.350635,1.35041,1.3505600000000002,369.33999413251877,8.149425287356496e-05
2025-12-30 02:15:00,1.35057,1.3505850000000001,1.35041,1.3505600000000002,265.589995265007,7.526785714286848e-05
2025-12-30 02:20:00,1.350555,1.350675,1.350395,1.350435,335.2999938130379,7.360000000000847e-05
2025-12-30 02:25:00,1.350405,1.350405,1.350155,1.3501750000000001,109.18999719619751,5.763636363637788e-05
2025-12-30 02:30:00,1.3501850000000002,1.3502850000000002,1.350155,1.3502850000000002,167.71999615430832,5.400000000000738e-05
2025-12-30 02:35:00,1.3502750000000001,1.3503450000000001,1.3500750000000001,1.3503150000000002,143.14999705553055,5.6461538461559914e-05
2025-12-30 02:40:00,1.350305,1.350305,1.350095,1.350095,156.82999777048826,7.69863013698594e-05
2025-12-30 02:45:00,1.3501000000000003,1.350295,1.3501000000000003,1.3502750000000001,186.2199962362647,8.623655913977927e-05
2025-12-30 02:50:00,1.3502850000000002,1.3504450000000001,1.3502150000000002,1.350355,115.01999744772911,5.7931034482770614e-05
2025-12-30 02:55:00,1.350375,1.350495,1.3502550000000002,1.3502550000000002,158.81999761611223,7.353658536587507e-05
2025-12-30 03:00:00,1.35027,1.350395,1.3501600000000002,1.350225,320.119996547699,8.180555555555025e-05
2025-12-30 03:05:00,1.35023,1.3502750000000001,1.35,1.350065,322.0299953147769,9.271317829457858e-05
2025-12-30 03:10:00,1.3500750000000001,1.3502450000000001,1.350065,1.350205,103.5599981546402,5.711538461536167e-05
2025-12-30 03:15:00,1.350215,1.350295,1.35018,1.350295,76.59999841451645,5.609756097561983e-05
2025-12-30 03:20:00,1.3502850000000002,1.3503950000000002,1.350265,1.3503950000000002,55.3699988424778,5.6206896551732496e-05
2025-12-30 03:25:00,1.3503850000000002,1.3505500000000001,1.3503850000000002,1.3505500000000001,92.769998639822,7.439024390243896e-05
2025-12-30 03:30:00,1.350555,1.350695,1.350555,1.350695,269.32999784499407,8.425925925924175e-05
2025-12-30 03:35:00,1.350675,1.3506950000000002,1.3506,1.3506650000000002,296.08999516814947,9.586538461538708e-05
2025-12-30 03:40:00,1.3506550000000002,1.3506850000000001,1.3505150000000001,1.350575,237.32999586313963,8.58558558558602e-05
2025-12-30 03:45:00,1.3505850000000001,1.3506850000000001,1.350575,1.3506650000000002,66.58999854326248,5.676470588233297e-05
2025-12-30 03:50:00,1.350675,1.350775,1.3506550000000002,1.350675,165.55999737977982,7.397260273968747e-05
2025-12-30 03:55:00,1.3506850000000001,1.3507000000000002,1.350475,1.35053,188.18999736011028,9.3894736842108e-05
2025-12-30 04:00:00,1.3505250000000002,1.3505950000000002,1.3504500000000002,1.35057,337.5699956268072,8.81249999999778e-05
2025-12-30 04:05:00,1.350565,1.35061,1.350405,1.3505700000000003,174.98999771475792,7.560000000000085e-05
2025-12-30 04:10:00,1.350565,1.3507200000000001,1.350565,1.3506650000000002,188.93999668210745,9.051948051949391e-05
2025-12-30 04:15:00,1.3506500000000001,1.3507550000000001,1.350575,1.3507200000000001,200.38999766111374,8.512195121952016e-05
2025-12-30 04:20:00,1.350745,1.3507700000000002,1.3506850000000001,1.350765,90.11999850720167,6.862745098037589e-05
2025-12-30 04:25:00,1.350745,1.350875,1.350745,1.3507850000000001,83.58999924361706,6.92105263157579e-05
2025-12-30 04:30:00,1.3507950000000002,1.3508650000000002,1.35078,1.3508650000000002,109.00999907404184,7.8723404255353e-05
2025-12-30 04:35:00,1.3509550000000001,1.35101,1.3507850000000001,1.350905,288.5399952083826,8.416107382549587e-05
2025-12-30 04:40:00,1.3509000000000002,1.350985,1.3508050000000003,1.350975,290.8299959227443,8.570247933882822e-05
2025-12-30 04:45:00,1.35098,1.3510550000000001,1.3508400000000003,1.3509650000000002,134.12999784946442,7.546875000000522e-05
2025-12-30 04:50:00,1.3509700000000002,1.35102,1.3509250000000002,1.3509550000000001,141.72999721765518,8.044776119401668e-05
2025-12-30 04:55:00,1.3509600000000002,1.3510900000000001,1.3509600000000002,1.351045,154.01999747753143,7.761194029849892e-05
2025-12-30 05:00:00,1.3510950000000002,1.3511950000000001,1.351085,1.3511650000000002,154.4799968600273,5.6891891891886525e-05
2025-12-30 05:05:00,1.351185,1.351305,1.351165,1.351185,108.99999731779099,5.553571428571332e-05
2025-12-30 05:10:00,1.3511950000000001,1.351695,1.3511650000000002,1.351505,219.47999650239944,6.918367346939464e-05
2025-12-30 05:15:00,1.3515000000000001,1.3515450000000002,1.351375,1.3515050000000002,371.80999302864075,8.565517241378459e-05
2025-12-30 05:20:00,1.351525,1.351695,1.351515,1.351585,246.0599953532219,8.495145631066056e-05
2025-12-30 05:25:00,1.3515800000000002,1.3516750000000002,1.3514650000000001,1.351555,194.50999641418457,6.566666666667991e-05
2025-12-30 05:30:00,1.3515700000000002,1.351595,1.3513950000000001,1.3514650000000001,124.47999787330627,5.8500000000002066e-05
2025-12-30 05:35:00,1.351445,1.3516750000000002,1.351445,1.3516750000000002,169.76999747753143,5.545454545456847e-05
2025-12-30 05:40:00,1.3516650000000001,1.351725,1.3514650000000001,1.3514850000000003,106.89999848604202,5.615384615384253e-05
2025-12-30 05:45:00,1.3514750000000002,1.3514850000000003,1.351165,1.3514750000000002,270.43999433517456,5.474137931035124e-05
2025-12-30 05:50:00,1.35149,1.351555,1.351175,1.3511950000000001,289.5899943113327,5.410256410255605e-05
2025-12-30 05:55:00,1.3512,1.35155,1.3512,1.3514950000000001,359.68999296426773,5.5850340136039663e-05
2025-12-30 06:00:00,1.35149,1.3517400000000002,1.3514750000000002,1.3516750000000002,336.9099930524826,5.659420289857233e-05
2025-12-30 06:05:00,1.35168,1.351705,1.351525,1.3515450000000002,331.88999289274216,8.256410256408692e-05
2025-12-30 06:10:00,1.3515550000000003,1.3519550000000002,1.3515550000000003,1.3518700000000001,272.119994699955,7.296874999999925e-05
2025-12-30 06:15:00,1.351865,1.3521850000000002,1.351865,1.3521100000000001,411.459992416203,6.935960591132175e-05
2025-12-30 06:20:00,1.3521150000000002,1.3521150000000002,1.35173,1.351765,362.0699922218919,6.866666666667512e-05
2025-12-30 06:25:00,1.351785,1.351865,1.3512250000000001,1.3512300000000002,335.55999432504177,6.833333333334496e-05
2025-12-30 06:30:00,1.3512250000000001,1.351445,1.3511600000000001,1.3514350000000002,765.0699897184968,0.00010698630136987191
2025-12-30 06:35:00,1.351435,1.3518750000000002,1.351315,1.351795,321.03999357670546,5.783439490445704e-05
2025-12-30 06:40:00,1.351765,1.35189,1.351645,1.351865,214.60999566316605,5.526881720430024e-05
2025-12-30 06:45:00,1.35188,1.351895,1.3514750000000002,1.351635,630.5799895450473,9.580204778156934e-05
2025-12-30 06:50:00,1.35163,1.351755,1.3515450000000002,1.351715,323.2699940800667,9.432258064515032e-05
2025-12-30 06:55:00,1.3517100000000002,1.351775,1.351555,1.3515800000000002,161.49999648332596,5.712500000000231e-05
2025-12-30 07:00:00,1.3515650000000001,1.3515650000000001,1.3510950000000002,1.3511600000000001,632.7299888655543,5.2713178294560094e-05
2025-12-30 07:05:00,1.351165,1.35121,1.3509200000000001,1.3509700000000002,283.4999933540821,5.322834645670768e-05
2025-12-30 07:10:00,1.3509600000000002,1.35101,1.35074,1.350915,267.74999392032623,5.9243697478999065e-05
2025-12-30 07:15:00,1.3509250000000002,1.3512,1.3509250000000002,1.351,286.9299946427345,5.5362318840585196e-05
2025-12-30 07:20:00,1.3509900000000001,1.3509900000000001,1.35017,1.3502500000000002,388.3099921345711,5.27027027027035e-05
2025-12-30 07:25:00,1.350215,1.350505,1.3500800000000002,1.3503800000000001,318.30999505519867,5.8439716312047466e-05
2025-12-30 07:30:00,1.35037,1.3504800000000001,1.3501150000000002,1.3501850000000002,319.9599959850311,5.584507042255549e-05
2025-12-30 07:35:00,1.3502200000000002,1.3505150000000001,1.3500900000000002,1.3504850000000002,395.42999601364136,6.456140350877676e-05
2025-12-30 07:40:00,1.350495,1.35051,1.3501850000000002,1.35019,486.31999883055687,7.708737864078912e-05
2025-12-30 07:45:00,1.350205,1.350695,1.350195,1.350505,668.1799968034029,7.524714828898426e-05
2025-12-30 07:50:00,1.3504900000000002,1.3506250000000002,1.35012,1.3505950000000002,538.6499912664294,6.524793388429832e-05
2025-12-30 07:55:00,1.350605,1.350635,1.350405,1.3505800000000001,382.1799930408597,5.361809045226332e-05
2025-12-30 08:00:00,1.3506,1.3510300000000002,1.3505150000000001,1.3505600000000002,639.0599902942777,4.972125435540381e-05
2025-12-30 08:05:00,1.350565,1.3509950000000002,1.350495,1.35088,633.5899884700775,5.596491228071078e-05
2025-12-30 08:10:00,1.3508750000000003,1.351095,1.3506900000000002,1.350705,715.5699906349182,7.392739273927311e-05
2025-12-30 08:15:00,1.35074,1.351115,1.35074,1.3508300000000002,817.5699869394302,6.562146892654763e-05
2025-12-30 08:20:00,1.3508550000000001,1.3511250000000001,1.350765,1.35102,495.3099932074547,6.465116279069469e-05
2025-12-30 08:25:00,1.351045,1.3514650000000001,1.351,1.35108,483.3399921655655,5.248780487804495e-05
2025-12-30 08:30:00,1.35107,1.35162,1.351035,1.35161,430.7599925994873,4.7628865979375284e-05
2025-12-30 08:35:00,1.3516150000000002,1.3516700000000001,1.351325,1.35161,635.569991581142,6.65873015873043e-05
2025-12-30 08:40:00,1.351625,1.35189,1.35135,1.3513650000000001,556.3599940538406,7.046692607003573e-05
2025-12-30 08:45:00,1.3513600000000001,1.3513650000000001,1.3508650000000002,1.3510650000000002,949.3599852323532,6.871052631579143e-05
2025-12-30 08:50:00,1.35107,1.3510900000000001,1.35078,1.35081,706.3699903711677,6.439560439560738e-05
2025-12-30 08:55:00,1.350805,1.351,1.350805,1.3508900000000001,347.07999366521835,5.194805194804911e-05
2025-12-30 09:00:00,1.3509000000000002,1.3512150000000003,1.3507500000000001,1.35107,638.2599876224995,4.89965397923843e-05
2025-12-30 09:05:00,1.3510550000000001,1.35135,1.3509550000000001,1.3513450000000002,303.7699934244156,4.8794326241130005e-05
2025-12-30 09:10:00,1.35134,1.3514500000000003,1.3510500000000003,1.351075,391.9599920064211,4.9021739130434934e-05
2025-12-30 09:15:00,1.35108,1.3514400000000002,1.35107,1.3513600000000001,572.2099922373891,6.715481171546402e-05
2025-12-30 09:20:00,1.351345,1.3515800000000002,1.3512650000000002,1.35127,533.5699924826622,5.900432900430799e-05
2025-12-30 09:25:00,1.3512750000000002,1.3518750000000002,1.3512750000000002,1.35172,542.2499889731407,4.165413533833994e-05
2025-12-30 09:30:00,1.3517350000000001,1.3518400000000002,1.35147,1.35148,437.0999952554703,5.7393617021282914e-05
2025-12-30 09:35:00,1.3514500000000003,1.3515000000000001,1.3511000000000002,1.3511000000000002,256.27999544143677,5.055999999999195e-05
2025-12-30 09:40:00,1.35112,1.35149,1.35102,1.3513200000000003,450.0599915906787,4.729468599032941e-05
2025-12-30 09:45:00,1.351325,1.35175,1.3513100000000002,1.351455,737.199988745153,6.984848484848893e-05
2025-12-30 09:50:00,1.35145,1.351645,1.35125,1.351585,714.7599912881851,6.658610271904817e-05
2025-12-30 09:55:00,1.35159,1.35176,1.35142,1.3514300000000001,647.1999914944172,5.895081967213223e-05
2025-12-30 10:00:00,1.351435,1.3519200000000002,1.351435,1.3519200000000002,568.8499901592731,4.300411522633226e-05
2025-12-30 10:05:00,1.3519,1.35223,1.351775,1.35186,392.2499918937683,4.577142857141376e-05
2025-12-30 10:10:00,1.3518800000000002,1.35194,1.3517100000000002,1.35181,298.2099950313568,5.248175182481125e-05
2025-12-30 10:15:00,1.35182,1.35207,1.35173,1.3519900000000002,176.67999663949013,5.071428571429282e-05
2025-12-30 10:20:00,1.35201,1.3521800000000002,1.35201,1.352165,260.1099965572357,4.860869565216026e-05
2025-12-30 10:25:00,1.3521750000000001,1.35222,1.351965,1.35206,493.8499927967787,5.7333333333333925e-05
2025-12-30 10:30:00,1.352055,1.3523200000000002,1.3520450000000002,1.3523150000000002,593.5899940952659,6.654545454545207e-05
2025-12-30 10:35:00,1.3523100000000001,1.35304,1.3523100000000001,1.35295,674.9799937307835,6.787581699347406e-05
2025-12-30 10:40:00,1.35297,1.353075,1.3524900000000002,1.3524900000000002,757.2499892041087,6.905775075988472e-05
2025-12-30 10:45:00,1.3524950000000002,1.3524950000000002,1.3520600000000003,1.352125,543.4199934229255,7.25830258302504e-05
2025-12-30 10:50:00,1.35213,1.3522600000000002,1.351935,1.3521900000000002,735.7899936884642,7.796428571428023e-05
2025-12-30 10:55:00,1.3522100000000001,1.352225,1.35202,1.3521300000000003,310.0199955776334,6.661971830984213e-05
2025-12-30 11:00:00,1.352135,1.3521800000000002,1.35172,1.3518500000000002,374.3299922272563,4.617977528089828e-05
2025-12-30 11:05:00,1.35183,1.3524800000000001,1.35182,1.3522100000000001,385.52999340742826,5.101123595506104e-05
2025-12-30 11:10:00,1.3522150000000002,1.3523800000000001,1.3520800000000002,1.3523,344.709993109107,4.910256410256553e-05
2025-12-30 11:15:00,1.3523100000000001,1.3523300000000003,1.3520050000000001,1.3520500000000002,440.82999473810196,6.844660194174435e-05
2025-12-30 11:20:00,1.3520450000000002,1.3520500000000002,1.35174,1.3517800000000002,260.87999525666237,6.337748344372677e-05
2025-12-30 11:25:00,1.3518050000000001,1.3518750000000002,1.351435,1.3514400000000002,277.1099961102009,5.250000000000532e-05
2025-12-30 11:30:00,1.351455,1.351505,1.35134,1.35146,208.66999608278275,4.4851485148489905e-05
2025-12-30 11:35:00,1.3514400000000002,1.3514400000000002,1.3505500000000001,1.3505500000000001,468.05999153107405,6.681632653060226e-05
2025-12-30 11:40:00,1.3505550000000002,1.35081,1.35047,1.350645,456.27999441325665,6.589861751150223e-05
2025-12-30 11:45:00,1.350635,1.3508750000000003,1.35053,1.350545,331.2899976223707,6.383720930232294e-05
2025-12-30 11:50:00,1.3505350000000003,1.3507000000000002,1.3503250000000002,1.35047,550.1199926063418,6.176029962547774e-05
2025-12-30 11:55:00,1.3504800000000001,1.3505950000000002,1.35039,1.3504400000000003,616.9899938330054,6.32565789473738e-05
2025-12-30 12:00:00,1.3504550000000002,1.350465,1.3501750000000001,1.3501750000000001,542.4199945405126,6.561338289963464e-05
2025-12-30 12:05:00,1.3501400000000001,1.3502300000000003,1.3497600000000003,1.35017,530.0399947613478,6.0454545454536106e-05
2025-12-30 12:10:00,1.3501800000000002,1.35064,1.3501750000000001,1.350565,616.879990696907,5.910780669144248e-05
2025-12-30 12:15:00,1.350545,1.350545,1.35016,1.35027,420.189993172884,5.223463687151689e-05
2025-12-30 12:20:00,1.35026,1.350435,1.3500450000000002,1.35006,335.18999564647675,5.220689655171395e-05
2025-12-30 12:25:00,1.35003,1.3504200000000002,1.349965,1.3503950000000002,405.21999575942755,6.0999999999999945e-05
2025-12-30 12:30:00,1.350405,1.3506900000000002,1.350405,1.3506900000000002,773.1199944838881,6.746428571430422e-05
2025-12-30 12:35:00,1.35068,1.3508600000000002,1.3505700000000003,1.3507600000000002,664.6699920147657,5.91582491582315e-05
2025-12-30 12:40:00,1.3507500000000001,1.350755,1.35026,1.35026,819.1099913418293,8.235483870968046e-05
2025-12-30 12:45:00,1.3502450000000001,1.3502500000000002,1.3498350000000001,1.3500450000000002,774.5099886655807,6.750733137829598e-05
2025-12-30 12:50:00,1.35004,1.3500750000000001,1.34978,1.349795,488.55999510735273,6.74641148325242e-05
2025-12-30 12:55:00,1.34979,1.349865,1.349345,1.3496650000000001,771.049991555512,5.864457831325598e-05
2025-12-30 13:00:00,1.34965,1.349765,1.34945,1.34963,710.8299887031317,4.961038961038299e-05
2025-12-30 13:05:00,1.349605,1.3496750000000002,1.34942,1.3495400000000002,385.3799927532673,4.9248554913283726e-05
2025-12-30 13:10:00,1.3495300000000001,1.3495750000000002,1.34924,1.34956,402.65999338775873,5.078787878784951e-05
2025-12-30 13:15:00,1.3495750000000002,1.349935,1.349255,1.34966,1028.909988924861,6.657407407407641e-05
2025-12-30 13:20:00,1.3496550000000003,1.3498450000000002,1.349335,1.349685,1042.389986872673,6.429844097995584e-05
2025-12-30 13:25:00,1.3496800000000002,1.349725,1.3493400000000002,1.349345,587.4799911379814,5.9335793357921635e-05
2025-12-30 13:30:00,1.3493000000000002,1.3495300000000001,1.3490350000000002,1.3494450000000002,1019.6699832454324,5.748440748440508e-05
2025-12-30 13:35:00,1.34946,1.3496000000000001,1.349245,1.3492600000000001,695.5299871563911,5.810089020770834e-05
2025-12-30 13:40:00,1.3492650000000002,1.3493750000000002,1.3487500000000001,1.349085,866.5299862623215,5.612590799031042e-05
2025-12-30 13:45:00,1.349075,1.3491950000000001,1.348705,1.3490950000000002,731.0799880698323,6.458823529412412e-05
2025-12-30 13:50:00,1.34909,1.349425,1.3489750000000003,1.3489750000000003,697.7899887338281,5.360927152317856e-05
2025-12-30 13:55:00,1.34903,1.3496750000000002,1.3487050000000003,1.34878,1040.1899856328964,5.17539863325828e-05
2025-12-30 14:00:00,1.3487900000000002,1.3488250000000002,1.348305,1.34854,1005.579987436533,6.104545454545024e-05
2025-12-30 14:05:00,1.3485250000000002,1.348665,1.3482600000000002,1.3485500000000001,994.8199854493141,4.5921787709489795e-05
2025-12-30 14:10:00,1.34856,1.348595,1.34808,1.3482600000000002,816.8899885341525,4.941379310345731e-05
2025-12-30 14:15:00,1.3482700000000003,1.3485900000000002,1.3480600000000003,1.3485850000000001,800.0199881643057,5.10034602075924e-05
2025-12-30 14:20:00,1.3486350000000003,1.3487550000000001,1.34835,1.34841,783.4199900105596,5.7017543859652585e-05
2025-12-30 14:25:00,1.3484,1.3484350000000003,1.347725,1.3477700000000001,737.2699901983142,4.8025889967643893e-05
2025-12-30 14:30:00,1.347765,1.3481400000000001,1.3476400000000002,1.34807,1015.4999836534262,4.7088305489262854e-05
2025-12-30 14:35:00,1.3480750000000001,1.3484450000000001,1.34768,1.3477700000000001,997.9899885058403,4.7893401015224896e-05
2025-12-30 14:40:00,1.34776,1.34776,1.3473800000000002,1.347445,520.8099937438965,6.065420560746518e-05
2025-12-30 14:45:00,1.3474400000000002,1.3480600000000003,1.34722,1.3475700000000002,1097.279990889132,6.497933884297103e-05
2025-12-30 14:50:00,1.3475450000000002,1.347755,1.347145,1.3475300000000001,1227.4099830538034,5.618217054263494e-05
2025-12-30 14:55:00,1.34756,1.3477100000000002,1.34714,1.3476500000000002,1394.7899762764573,5.078904991948347e-05
2025-12-30 15:00:00,1.347645,1.3478400000000001,1.3473600000000001,1.347375,1095.3799791634083,5.485655737703636e-05
2025-12-30 15:05:00,1.3473800000000002,1.3473800000000002,1.34668,1.3466850000000001,1452.9399805739522,5.5394736842104786e-05
2025-12-30 15:10:00,1.34668,1.3468050000000003,1.346035,1.3461800000000002,1081.789988912642,6.0724637681167856e-05
2025-12-30 15:15:00,1.346215,1.3462800000000001,1.3456200000000003,1.3457700000000001,1375.5599813610315,6.784665579118763e-05
2025-12-30 15:20:00,1.345765,1.345805,1.34542,1.34563,855.6699863150716,5.6029776674943585e-05
2025-12-30 15:25:00,1.3456200000000003,1.3456200000000003,1.3452350000000002,1.345325,851.2399839162827,5.3819628647206984e-05
2025-12-30 15:30:00,1.34532,1.345555,1.34498,1.3453650000000001,863.0199859663844,5.023376623376312e-05
2025-12-30 15:35:00,1.3453600000000001,1.3457700000000001,1.34524,1.34566,966.3199883773923,6.586633663367112e-05
2025-12-30 15:40:00,1.3456550000000003,1.3460800000000002,1.34542,1.3460750000000001,533.3399900719523,5.461240310079388e-05
2025-12-30 15:45:00,1.3460800000000002,1.34639,1.34563,1.3457400000000002,1070.1699822694063,5.8063829787229396e-05
2025-12-30 15:50:00,1.3457500000000002,1.3467200000000001,1.3455500000000002,1.346555,1153.5899824798107,5.5530612244896964e-05
2025-12-30 15:55:00,1.34657,1.3476650000000001,1.34657,1.3473700000000002,1583.5099800899625,5.819595645412615e-05
2025-12-30 16:00:00,1.347365,1.34749,1.3469000000000002,1.3469650000000002,1207.3199825137854,5.882812500001286e-05
2025-12-30 16:05:00,1.3469700000000002,1.3472650000000002,1.346485,1.3464850000000002,850.9799862876534,6.747663551402495e-05
2025-12-30 16:10:00,1.3464900000000002,1.3466300000000002,1.3463100000000001,1.34646,782.1399856880307,6.494680851064272e-05
2025-12-30 16:15:00,1.34646,1.3471600000000001,1.34644,1.34705,1292.789979070425,6.97896749521988e-05
2025-12-30 16:20:00,1.3470750000000002,1.3476850000000002,1.3470400000000002,1.34766,761.4599871113896,5.686813186813049e-05
2025-12-30 16:25:00,1.347655,1.3477000000000001,1.34714,1.34727,631.2599893733859,5.1732283464558784e-05
2025-12-30 16:30:00,1.34727,1.3476850000000002,1.3471450000000003,1.347455,873.0599871873856,6.924731182795403e-05
2025-12-30 16:35:00,1.3474600000000003,1.3478400000000001,1.347235,1.3478350000000001,744.0999885722995,6.910216718264916e-05
2025-12-30 16:40:00,1.3478400000000001,1.3482700000000003,1.3477000000000001,1.347855,653.4299903661013,6.496478873238917e-05
2025-12-30 16:45:00,1.3478600000000003,1.3483300000000003,1.347555,1.3483100000000001,678.36998809129,6.68478260869375e-05
2025-12-30 16:50:00,1.348305,1.3483550000000002,1.347935,1.3480450000000002,660.7399878799915,6.783269961976288e-05
2025-12-30 16:55:00,1.3480500000000002,1.348065,1.3476000000000001,1.3476600000000003,956.3899850472808,5.9083769633520004e-05
2025-12-30 17:00:00,1.3476700000000001,1.3478600000000003,1.347575,1.34762,977.29998883605,7.2740524781325e-05
2025-12-30 17:05:00,1.34763,1.3478500000000002,1.3472300000000001,1.3472300000000001,473.19999561458826,5.0628272251317394e-05
2025-12-30 17:10:00,1.347245,1.3472600000000001,1.3468300000000002,1.34688,715.9199915453792,5.498207885305343e-05
2025-12-30 17:15:00,1.3468900000000001,1.3472050000000002,1.3467700000000002,1.3471350000000002,528.5899958610535,5.864734299516927e-05
2025-12-30 17:20:00,1.3470850000000003,1.34734,1.3470550000000001,1.34714,607.2999894618988,5.652830188679159e-05
2025-12-30 17:25:00,1.3470850000000003,1.34754,1.34708,1.3471250000000001,376.0299952328205,5.6249999999993805e-05
2025-12-30 17:30:00,1.3470750000000002,1.347245,1.3469200000000001,1.3471700000000002,365.6199946627021,6.117647058823117e-05
2025-12-30 17:35:00,1.3471600000000001,1.3471600000000001,1.346675,1.34673,636.3699924349785,6.597069597069952e-05
2025-12-30 17:40:00,1.3467250000000002,1.34685,1.3465850000000001,1.34678,333.02999537438154,6.404255319147743e-05
2025-12-30 17:45:00,1.3468050000000003,1.3468300000000002,1.34654,1.346575,266.9899953901768,5.1043478260842895e-05
2025-12-30 17:50:00,1.346565,1.34695,1.34654,1.3468900000000001,343.3499926626682,6.303030303028196e-05
2025-12-30 17:55:00,1.346895,1.34708,1.3468250000000002,1.3469700000000002,513.0599925816059,7.383783783782587e-05
2025-12-30 18:00:00,1.3469100000000003,1.3471700000000002,1.3468300000000002,1.347165,460.45999427884817,7.072625698321978e-05
2025-12-30 18:05:00,1.3471700000000002,1.34729,1.34715,1.3472600000000001,403.56999615579844,7.364238410595892e-05
2025-12-30 18:10:00,1.34725,1.3473650000000001,1.3472300000000001,1.3472650000000002,326.4299952238798,6.290780141843137e-05
2025-12-30 18:15:00,1.3472600000000001,1.347355,1.3471700000000002,1.347245,314.59999542683363,6.00680272108791e-05
2025-12-30 18:20:00,1.3472500000000003,1.3473300000000001,1.3471350000000002,1.347305,356.1599951386452,6.414965986393232e-05
2025-12-30 18:25:00,1.3472950000000001,1.3474650000000001,1.34725,1.3473750000000002,519.449992954731,7.17326732673295e-05
2025-12-30 18:30:00,1.3473800000000002,1.347385,1.3471350000000002,1.34728,473.7099940776825,7.73684210526289e-05
2025-12-30 18:35:00,1.347255,1.347255,1.34693,1.3470750000000002,315.1699954867363,7.242187500001475e-05
2025-12-30 18:40:00,1.3470550000000001,1.347185,1.3469350000000002,1.3469700000000002,411.13999436050653,8.104651162790864e-05
2025-12-30 18:45:00,1.346965,1.3471450000000003,1.34684,1.3470900000000001,366.1199963465333,6.360544217687054e-05
2025-12-30 18:50:00,1.347085,1.3472650000000002,1.3467200000000001,1.3467500000000001,473.31999249756336,8.049019607842534e-05
2025-12-30 18:55:00,1.34674,1.3468050000000003,1.3465500000000001,1.3468050000000003,478.11999152600765,7.701834862384952e-05
2025-12-30 19:00:00,1.346805,1.3468200000000001,1.346365,1.3466650000000002,525.6899904683232,7.889298892988175e-05
2025-12-30 19:05:00,1.3466550000000002,1.3466650000000002,1.3464200000000002,1.34653,340.5499942228198,6.472049689441605e-05
2025-12-30 19:10:00,1.34654,1.34686,1.3465250000000002,1.3467850000000001,426.6099968254566,7.322580645161271e-05
2025-12-30 19:15:00,1.346775,1.3472600000000001,1.3467550000000001,1.347245,505.8699936568737,8.502439024390271e-05
2025-12-30 19:20:00,1.34725,1.3472950000000001,1.3470300000000002,1.3470600000000001,294.25999604165554,7.308823529411808e-05
2025-12-30 19:25:00,1.34707,1.3471300000000002,1.3468300000000002,1.3470600000000001,141.62999767065048,5.2307692307700214e-05
2025-12-30 19:30:00,1.34707,1.347155,1.3466300000000002,1.3466300000000002,253.17999710142612,5.690265486724428e-05
2025-12-30 19:35:00,1.346625,1.34694,1.34661,1.34694,128.6799971461296,5.203124999999045e-05
2025-12-30 19:40:00,1.3469300000000002,1.3469300000000002,1.34664,1.3467800000000003,140.1999973654747,4.887096774194049e-05
2025-12-30 19:45:00,1.3468,1.3469700000000002,1.34651,1.34654,445.9699937105179,5.2578616352207754e-05
2025-12-30 19:50:00,1.346555,1.34667,1.3462200000000002,1.346235,790.8399923890829,5.97318007662886e-05
2025-12-30 19:55:00,1.3462300000000003,1.3465700000000003,1.3462300000000003,1.3465600000000002,1077.4899910986423,5.8092485549144516e-05
2025-12-30 20:00:00,1.3465700000000003,1.346765,1.34644,1.3464550000000002,635.4499927312136,5.915662650604246e-05
2025-12-30 20:05:00,1.3464400000000003,1.34657,1.3464150000000001,1.346435,231.05999672412872,6.705882352944618e-05
2025-12-30 20:10:00,1.3464400000000003,1.346565,1.3463600000000002,1.3464400000000003,363.2999927178025,6.509433962266716e-05
2025-12-30 20:15:00,1.3464300000000002,1.34671,1.3464300000000002,1.346635,144.3099965453148,5.657142857144391e-05
2025-12-30 20:20:00,1.3466300000000002,1.3467650000000002,1.3465500000000001,1.34673,316.8699934259057,7.644578313254538e-05
2025-12-30 20:25:00,1.3467350000000002,1.34678,1.3466950000000002,1.34673,255.4699945449829,7.606060606063503e-05
2025-12-30 20:30:00,1.3467250000000002,1.3467700000000002,1.3466150000000001,1.3466200000000002,261.7299944162369,6.522058823530015e-05
2025-12-30 20:35:00,1.346625,1.3466650000000002,1.3465000000000003,1.3465600000000002,190.34999626874924,6.114942528737664e-05
2025-12-30 20:40:00,1.3465500000000001,1.34674,1.34637,1.34646,138.50999730825424,4.878787878789898e-05
2025-12-30 20:45:00,1.3464550000000002,1.34654,1.34633,1.34645,319.05999380350113,6.164383561643765e-05
2025-12-30 20:50:00,1.3464450000000001,1.34647,1.3462300000000003,1.3462800000000001,356.3299950659275,6.872727272726408e-05
2025-12-30 20:55:00,1.34627,1.34641,1.3461250000000002,1.3463600000000002,482.15999368578196,6.922374429223165e-05
2025-12-30 21:00:00,1.346375,1.346835,1.346375,1.34674,711.8799892365932,9.032679738562272e-05
2025-12-30 21:05:00,1.3467500000000001,1.3469000000000002,1.34668,1.3467850000000001,220.06999737024307,9.679012345678001e-05
2025-12-30 21:10:00,1.3467700000000002,1.3468550000000001,1.34674,1.3467850000000001,166.8599967956543,8.984374999998837e-05
2025-12-30 21:15:00,1.3467900000000002,1.3468550000000001,1.3467700000000002,1.3468200000000001,167.3999960422516,7.881578947368342e-05
2025-12-30 21:20:00,1.3467550000000001,1.3467550000000001,1.34654,1.3465500000000001,80.40999791026115,6.567567567568585e-05
2025-12-30 21:25:00,1.346555,1.34673,1.346545,1.3466650000000002,151.16999811679125,6.428571428571602e-05
2025-12-30 21:30:00,1.346635,1.3467700000000002,1.3466200000000002,1.3467600000000002,66.71999840438366,5.8974358974358175e-05
2025-12-30 21:35:00,1.346755,1.3467850000000001,1.3467350000000002,1.34674,90.98999817669392,5.591836734688821e-05
2025-12-30 21:40:00,1.3467500000000001,1.3469000000000002,1.346735,1.34674,90.41999851167202,5.155555555553803e-05
2025-12-30 21:45:00,1.3467350000000002,1.3467550000000001,1.34671,1.346745,177.20999673753977,5.783333333335879e-05
2025-12-30 21:50:00,1.34673,1.346835,1.34673,1.3468250000000002,149.639997407794,8.663716814157886e-05
2025-12-30 21:55:00,1.3467900000000002,1.3469250000000001,1.346765,1.34685,210.0399971678853,0.0001452980132450483
2025-12-30 22:00:00,1.346845,1.3469200000000001,1.346695,1.34688,14.039999842643738,0.0014027272727272172
2025-12-30 22:05:00,1.3468200000000001,1.3468750000000003,1.346355,1.3465250000000002,308.2799924015999,0.0005429508196721014
2025-12-30 22:10:00,1.3465350000000003,1.34695,1.3464650000000002,1.3465200000000002,160.30999675393105,0.0008918947368420746
2025-12-30 22:15:00,1.3465250000000002,1.346565,1.3464900000000002,1.34653,128.9799969792366,0.0005372000000000643
2025-12-30 22:20:00,1.3465250000000002,1.34658,1.346505,1.3465550000000002,72.27999871969223,0.0004987096774194345
2025-12-30 22:25:00,1.3465450000000003,1.3466850000000001,1.34651,1.3466850000000001,75.11999875307083,0.00043448275862071836
2025-12-30 22:30:00,1.3466650000000002,1.3466850000000001,1.3465700000000003,1.346635,106.75999819487333,0.00035054545454549024
2025-12-30 22:35:00,1.34661,1.3467000000000002,1.34661,1.3467000000000002,151.35999768972397,0.0002469354838709631
2025-12-30 22:40:00,1.346695,1.3467350000000002,1.3466500000000001,1.3466900000000002,210.3999964594841,0.0002065909090908924
2025-12-30 22:45:00,1.3466850000000001,1.3468600000000002,1.346645,1.3466850000000001,532.2399907708168,0.0002997641509433805
2025-12-30 22:50:00,1.34668,1.3467500000000001,1.3466300000000002,1.3467350000000002,291.80999648571014,0.00036817307692306136
2025-12-30 22:55:00,1.346745,1.3467500000000001,1.346565,1.346605,258.0799972862005,0.00027254901960784575
2025-12-30 23:00:00,1.3465850000000001,1.3466500000000001,1.3463950000000002,1.34664,867.1999828219414,0.00030517241379311553
2025-12-30 23:05:00,1.3466550000000002,1.3466650000000002,1.3466550000000002,1.3466600000000002,5.3999998569488525,0.00010666666666669933
2025-12-30 23:10:00,1.3466300000000002,1.3467000000000002,1.3465600000000002,1.3467000000000002,28.799999237060547,6.812500000002997e-05
2025-12-30 23:15:00,1.34668,1.346705,1.34658,1.34658,212.39999639987946,6.733944954129572e-05
2025-12-30 23:20:00,1.3465900000000002,1.3466300000000002,1.34658,1.3465900000000002,17.6799995303154,6.700000000001705e-05
2025-12-30 23:25:00,1.34658,1.34664,1.3465500000000001,1.34657,51.119999051094055,6.769230769227291e-05
2025-12-30 23:30:00,1.3465600000000002,1.3466200000000002,1.34639,1.3464,32.949999421834946,5.941176470589279e-05
2025-12-30 23:35:00,1.34639,1.3464200000000002,1.3462800000000001,1.3464200000000002,30.059999488294125,6.68750000000079e-05
2025-12-30 23:40:00,1.3464300000000002,1.3468,1.3464300000000002,1.34667,73.73999869823456,6.147058823527885e-05
2025-12-30 23:45:00,1.3466200000000002,1.3466200000000002,1.34646,1.34646,39.98999947309494,6.722222222220619e-05
2025-12-30 23:50:00,1.34647,1.3466500000000001,1.34646,1.34664,37.01999932527542,6.578947368419743e-05
2025-12-30 23:55:00,1.3466500000000001,1.34666,1.3465950000000002,1.34664,62.31999891996384,6.454545454550733e-05
2025-12-31 00:00:00,1.3466500000000001,1.3467700000000002,1.346345,1.3465350000000003,184.0999974012375,5.837499999998552e-05
2025-12-31 00:05:00,1.346555,1.346555,1.3464250000000002,1.346545,48.79999893903732,5.347826086957767e-05
2025-12-31 00:10:00,1.3465500000000001,1.3466050000000003,1.34654,1.3465500000000001,79.13999807834625,4.131578947366856e-05
2025-12-31 00:15:00,1.346555,1.3465850000000001,1.346375,1.3464150000000001,86.73999804258347,5.2972972972977943e-05
2025-12-31 00:20:00,1.34641,1.346505,1.34641,1.3464650000000002,73.0199984908104,4.7812500000035674e-05
2025-12-31 00:25:00,1.3464550000000002,1.3464550000000002,1.3464300000000002,1.3464450000000001,17.359999656677246,5.625000000003544e-05
2025-12-31 00:30:00,1.346435,1.34644,1.3463250000000002,1.3463250000000002,22.309999525547028,6.18181818181629e-05
2025-12-31 00:35:00,1.3463150000000002,1.3463450000000001,1.3461600000000002,1.346165,92.05999854207039,6.979591836731478e-05
2025-12-31 00:40:00,1.3461800000000002,1.346225,1.3461250000000002,1.346135,91.46999818086624,5.6190476190453086e-05
2025-12-31 00:45:00,1.3461450000000001,1.346225,1.3459150000000002,1.345935,133.75999776273966,5.539682539686406e-05
2025-12-31 00:50:00,1.34592,1.3461750000000001,1.34586,1.3461750000000001,205.45999640226364,6.270833333332088e-05
2025-12-31 00:55:00,1.3461800000000002,1.34639,1.3461450000000001,1.3463700000000003,239.9199963286519,7.067226890757633e-05
2025-12-31 01:00:00,1.346375,1.3464550000000002,1.346105,1.346105,530.489992633462,6.563432835820811e-05
2025-12-31 01:05:00,1.3461150000000002,1.346395,1.34607,1.346375,406.00999511778355,7.692307692308325e-05
2025-12-31 01:10:00,1.346395,1.346505,1.346265,1.34646,196.2699962183833,5.659999999999554e-05
2025-12-31 01:15:00,1.3464850000000002,1.346645,1.346425,1.3464850000000002,209.44999603182077,6.14423076923195e-05
2025-12-31 01:20:00,1.346495,1.346565,1.346425,1.3464550000000002,119.03999790549278,5.596491228070611e-05
2025-12-31 01:25:00,1.3464650000000002,1.34647,1.34633,1.346435,218.45999609678984,6.938053097346962e-05
2025-12-31 01:30:00,1.346425,1.34646,1.3462450000000001,1.3464,272.29999450594187,7.40559440559494e-05
2025-12-31 01:35:00,1.346405,1.3466200000000002,1.34639,1.3465850000000001,352.67999528348446,8.56983240223657e-05
2025-12-31 01:40:00,1.34658,1.3466250000000002,1.3464150000000001,1.34644,292.59999711066484,9.127819548871876e-05
2025-12-31 01:45:00,1.3464400000000003,1.34659,1.3463150000000002,1.3463600000000002,509.0999922156334,8.850267379679298e-05
2025-12-31 01:50:00,1.34639,1.346575,1.346335,1.3464150000000001,423.6599948182702,9.058823529413997e-05
2025-12-31 01:55:00,1.34641,1.346555,1.3460450000000002,1.3461250000000002,406.7899946048856,7.739583333334309e-05
2025-12-31 02:00:00,1.346105,1.346225,1.346025,1.346095,318.3199949711561,6.561643835615624e-05
2025-12-31 02:05:00,1.3460850000000002,1.3461600000000002,1.345935,1.3460550000000002,159.25999703258276,5.499999999997851e-05
2025-12-31 02:10:00,1.3460450000000002,1.346235,1.346035,1.346165,189.13999664783478,5.7173913043478723e-05
2025-12-31 02:15:00,1.3461450000000001,1.346235,1.34597,1.3462300000000003,224.82999542355537,7.116071428572053e-05
2025-12-31 02:20:00,1.34626,1.34632,1.3461450000000001,1.346225,237.28999532014132,7.697530864195737e-05
2025-12-31 02:25:00,1.3462200000000002,1.34626,1.3460750000000001,1.346155,360.1099924072623,8.426008968610202e-05
2025-12-31 02:30:00,1.3461500000000002,1.3462550000000002,1.34612,1.34613,281.1499971449375,7.729166666668884e-05
2025-12-31 02:35:00,1.346135,1.346275,1.346125,1.3461750000000001,237.86999575793743,7.82758620689634e-05
2025-12-31 02:40:00,1.3461950000000003,1.3464150000000001,1.346165,1.3462450000000001,137.89999747276306,5.772727272726065e-05
2025-12-31 02:45:00,1.346235,1.3463250000000002,1.3462150000000002,1.346285,183.06999677419662,5.670588235293911e-05
2025-12-31 02:50:00,1.346295,1.3463850000000002,1.346225,1.346355,178.30999773740768,5.6999999999982066e-05
2025-12-31 02:55:00,1.34634,1.346355,1.346105,1.3461450000000001,266.88999485969543,5.5785123966942426e-05
2025-12-31 03:00:00,1.346135,1.34626,1.3460550000000002,1.346235,392.7399933859706,7.399014778325359e-05
2025-12-31 03:05:00,1.3462400000000003,1.3463600000000002,1.3462150000000002,1.3462550000000002,398.99999488145113,7.928571428571154e-05
2025-12-31 03:10:00,1.3462500000000002,1.3464300000000002,1.346105,1.3463150000000002,374.6699928045273,7.725888324871299e-05
2025-12-31 03:15:00,1.3463100000000001,1.3463250000000002,1.3461250000000002,1.346135,126.75999730825424,6.285714285713171e-05
2025-12-31 03:20:00,1.34611,1.3461550000000002,1.346035,1.346065,123.33999794721603,5.951612903226476e-05
2025-12-31 03:25:00,1.3460550000000002,1.3462650000000003,1.3460550000000002,1.3462650000000003,119.95999735593796,5.719298245613327e-05
2025-12-31 03:30:00,1.34626,1.3463550000000002,1.3462400000000003,1.3463350000000003,340.43999314308167,7.732824427480556e-05
2025-12-31 03:35:00,1.3463450000000001,1.346365,1.346305,1.34632,166.7199969291687,8.014084507038463e-05
2025-12-31 03:40:00,1.3463150000000002,1.3463150000000002,1.3461550000000002,1.3461950000000003,277.9599944651127,8.712230215826107e-05
2025-12-31 03:45:00,1.346205,1.346235,1.346165,1.346235,83.47999858856201,6.916666666666337e-05
2025-12-31 03:50:00,1.3462150000000002,1.34653,1.3462100000000001,1.34652,108.99999761581421,5.1698113207546506e-05
2025-12-31 03:55:00,1.3465250000000002,1.3465600000000002,1.346375,1.3463950000000002,152.58999633044004,5.541666666669356e-05
2025-12-31 04:00:00,1.3463850000000002,1.346405,1.3463100000000001,1.3463250000000002,86.1999980211258,5.4772727272717706e-05
2025-12-31 04:05:00,1.346305,1.346395,1.3462550000000002,1.346375,108.3799978196621,5.600000000000352e-05
2025-12-31 04:10:00,1.3463700000000003,1.346425,1.3462500000000002,1.3462500000000002,339.1799941062927,7.252136752137482e-05
2025-12-31 04:15:00,1.346225,1.3462550000000002,1.346165,1.34617,171.63999728113413,7.273584905659429e-05
2025-12-31 04:20:00,1.3461750000000001,1.3463250000000002,1.346165,1.346295,158.40999776124954,6.752688172042602e-05
2025-12-31 04:25:00,1.3463,1.3463100000000001,1.3461400000000001,1.3461450000000001,120.97999843209982,6.360655737707639e-05
2025-12-31 04:30:00,1.346155,1.3462550000000002,1.3461500000000002,1.3461850000000002,66.95999866724014,5.290322580646871e-05
2025-12-31 04:35:00,1.3461700000000003,1.3461700000000003,1.3459150000000002,1.34596,81.45999816805124,6.604651162792656e-05
2025-12-31 04:40:00,1.345955,1.34596,1.3458450000000002,1.34592,123.23999726772308,7.666666666667197e-05
2025-12-31 04:45:00,1.34593,1.34593,1.34583,1.345895,154.23999774456024,7.642857142855508e-05
2025-12-31 04:50:00,1.345885,1.3459050000000001,1.3457450000000002,1.34583,342.00999546051025,7.635658914728788e-05
2025-12-31 04:55:00,1.3458400000000001,1.3458800000000002,1.345755,1.3458550000000002,392.89999693632126,8.845070422533737e-05
2025-12-31 05:00:00,1.34586,1.3459850000000002,1.345825,1.3459750000000001,195.74999868869781,7.419753086419292e-05
2025-12-31 05:05:00,1.3460050000000001,1.3461250000000002,1.345955,1.3461250000000002,102.09999871253967,5.388888888890063e-05
2025-12-31 05:10:00,1.3461150000000002,1.346135,1.3460450000000002,1.3460550000000002,95.43999892473221,5.607843137255068e-05
2025-12-31 05:15:00,1.346095,1.3461250000000002,1.345885,1.345935,141.96999852359295,5.531645569621921e-05
2025-12-31 05:20:00,1.3459,1.3460200000000002,1.345885,1.3460200000000002,288.80999636650085,9.229357798163673e-05
2025-12-31 05:25:00,1.3460800000000002,1.346295,1.34606,1.3462450000000001,311.8299956917763,7.307142857142195e-05
2025-12-31 05:30:00,1.34624,1.3462550000000002,1.3461250000000002,1.346165,242.68999812752008,7.598039215685547e-05
2025-12-31 05:35:00,1.3461750000000001,1.346195,1.3460050000000001,1.3460050000000001,81.0999984741211,5.7073170731691284e-05
2025-12-31 05:40:00,1.3460100000000002,1.3462100000000001,1.3459000000000003,1.3462,676.2899937033653,9.740196078432379e-05
2025-12-31 05:45:00,1.3461850000000002,1.34633,1.3460450000000002,1.3461000000000003,637.9199913740158,7.777292576419938e-05
2025-12-31 05:50:00,1.346105,1.346135,1.3459400000000001,1.3460300000000003,1167.7699809372425,8.510309278351559e-05
2025-12-31 05:55:00,1.346025,1.3461850000000002,1.3459,1.3460800000000002,887.7799833416939,8.576433121018722e-05
2025-12-31 06:00:00,1.3460750000000001,1.3460800000000002,1.3457500000000002,1.345755,1198.2199802920222,9.067385444743547e-05
2025-12-31 06:05:00,1.345755,1.3459250000000003,1.345745,1.3457500000000002,665.6099858880043,7.677419354837947e-05
2025-12-31 06:10:00,1.345745,1.3457500000000002,1.34542,1.3455050000000002,266.2199934720993,6.528925619834175e-05
2025-12-31 06:15:00,1.34551,1.3455750000000002,1.34532,1.3454000000000002,508.4999874830246,6.911917098445548e-05
2025-12-31 06:20:00,1.3454050000000002,1.3455650000000001,1.345345,1.3455350000000001,484.5499881505966,7.158823529411773e-05
2025-12-31 06:25:00,1.3455450000000002,1.3456650000000001,1.34544,1.3456350000000001,673.9599848091602,7.576744186047712e-05
2025-12-31 06:30:00,1.34563,1.3457500000000002,1.345615,1.3457450000000002,191.03999689221382,5.882352941176084e-05
2025-12-31 06:35:00,1.3457350000000001,1.3460500000000002,1.3456650000000001,1.346035,130.3699979558587,5.280701754383942e-05
2025-12-31 06:40:00,1.3460400000000001,1.3460400000000001,1.345855,1.345965,120.88999935984612,5.361702127662102e-05
2025-12-31 06:45:00,1.3459950000000003,1.346105,1.3459850000000002,1.346105,193.7599980533123,5.9726027397298714e-05
2025-12-31 06:50:00,1.3460850000000002,1.3461150000000002,1.345755,1.345795,297.85999542474747,6.122807017544043e-05
2025-12-31 06:55:00,1.3458,1.34607,1.3457450000000002,1.3457850000000002,292.0299960374832,5.7739130434770844e-05
2025-12-31 07:00:00,1.345755,1.3459850000000002,1.345525,1.34586,453.26999109983444,5.086124401912986e-05
2025-12-31 07:05:00,1.3458450000000002,1.3458800000000002,1.345415,1.3454450000000002,343.0599937811494,5.591549295771561e-05
2025-12-31 07:10:00,1.3454400000000002,1.34549,1.34524,1.3452650000000002,507.1499913930893,6.84873949579971e-05
2025-12-31 07:15:00,1.3452600000000001,1.34551,1.3451300000000002,1.34539,492.8799921274185,6.251046025105233e-05
2025-12-31 07:20:00,1.3453950000000001,1.3456450000000002,1.34539,1.3455850000000003,405.6999932527542,6.116402116402947e-05
2025-12-31 07:25:00,1.345615,1.3456450000000002,1.34532,1.345455,248.1699964404106,5.907692307689847e-05
2025-12-31 07:30:00,1.34546,1.3455850000000003,1.3452300000000001,1.3453400000000002,216.3799958229065,5.087378640776182e-05
2025-12-31 07:35:00,1.3453600000000001,1.3456900000000003,1.3453500000000003,1.3455750000000002,313.06999468803406,5.097902097901645e-05
2025-12-31 07:40:00,1.3455600000000003,1.345855,1.34552,1.3457050000000002,523.5199947282672,5.7027027027028545e-05
2025-12-31 07:45:00,1.34571,1.345995,1.34571,1.3459750000000001,449.9799949526787,7.366492146598384e-05
2025-12-31 07:50:00,1.34597,1.34597,1.3456800000000002,1.3457850000000002,278.3499943614006,4.876923076924794e-05
2025-12-31 07:55:00,1.34577,1.3460450000000002,1.345625,1.34563,415.8599905371666,5.3076923076924635e-05
2025-12-31 08:00:00,1.3456350000000001,1.3465600000000002,1.34563,1.34627,981.5899846404791,6.740899357602416e-05
2025-12-31 08:05:00,1.346275,1.3464300000000002,1.34583,1.34586,680.4399883076549,6.595166163141798e-05
2025-12-31 08:10:00,1.3458800000000002,1.3460850000000002,1.34566,1.3458900000000003,652.3799915611744,7.06620209059267e-05
2025-12-31 08:15:00,1.3458800000000002,1.346025,1.3457750000000002,1.3458400000000001,462.22999412566423,6.620192307691589e-05
2025-12-31 08:20:00,1.34585,1.3458900000000003,1.3452000000000002,1.34524,580.9399889111519,4.8473282442758006e-05
2025-12-31 08:25:00,1.3452350000000002,1.3452350000000002,1.3443450000000001,1.34477,780.1199854463339,5.3204419889502915e-05
2025-12-31 08:30:00,1.344775,1.3447900000000002,1.3442800000000001,1.34429,610.6999905705452,5.897163120567112e-05
2025-12-31 08:35:00,1.3443100000000001,1.34437,1.3439900000000002,1.34401,394.0599940121174,5.8481675392681274e-05
2025-12-31 08:40:00,1.34402,1.34427,1.3437200000000002,1.3442600000000002,444.4999933987856,5.004878048780998e-05
2025-12-31 08:45:00,1.3442600000000002,1.3442600000000002,1.3432600000000001,1.3432700000000002,469.6099940985441,4.831168831168761e-05
2025-12-31 08:50:00,1.3432600000000001,1.343415,1.34281,1.34327,581.5499899685383,5.006153846154668e-05
2025-12-31 08:55:00,1.343255,1.3434,1.34267,1.3429550000000001,742.149986192584,5.0530973451340145e-05
2025-12-31 09:00:00,1.3429700000000002,1.34308,1.3426050000000003,1.3429950000000002,768.409984819591,4.848664688426384e-05
2025-12-31 09:05:00,1.34301,1.343315,1.34285,1.3428650000000002,636.3199887275696,5.240875912408328e-05
2025-12-31 09:10:00,1.34285,1.34302,1.34274,1.34291,352.98999408632517,5.241830065360148e-05
2025-12-31 09:15:00,1.342905,1.343,1.3426,1.34285,432.8799911737442,4.76500000000013e-05
2025-12-31 09:20:00,1.3428650000000002,1.343715,1.3428650000000002,1.343585,695.2299865186214,4.8451612903245254e-05
2025-12-31 09:25:00,1.3435800000000002,1.34396,1.3435400000000002,1.3435800000000002,683.8699900433421,6.41945288753861e-05
2025-12-31 09:30:00,1.343575,1.34387,1.3434750000000002,1.3435350000000001,680.6599911004305,6.770897832817217e-05
2025-12-31 09:35:00,1.3435300000000001,1.343855,1.3435300000000001,1.3437350000000001,651.9899927973747,6.944625407165691e-05
2025-12-31 09:40:00,1.34374,1.34382,1.3434850000000003,1.34369,643.5099893510342,6.194888178914737e-05
2025-12-31 09:45:00,1.343685,1.3442150000000002,1.343685,1.3440850000000002,589.4599923789501,6.43750000000106e-05
2025-12-31 09:50:00,1.34409,1.3444700000000003,1.344035,1.34415,550.769992172718,6.138513513514195e-05
2025-12-31 09:55:00,1.3441400000000001,1.3442850000000002,1.3436750000000002,1.34373,934.5299923047423,7.359743040684609e-05
2025-12-31 10:00:00,1.3437550000000003,1.3438400000000001,1.34333,1.3434300000000001,617.4899901598692,6.528301886791929e-05
2025-12-31 10:05:00,1.34342,1.3436850000000002,1.3433100000000002,1.343385,610.2699884772301,5.152249134948889e-05
2025-12-31 10:10:00,1.3434150000000002,1.343685,1.3432950000000001,1.34356,439.24999314546585,6.423963133639968e-05
2025-12-31 10:15:00,1.34355,1.3438150000000002,1.343455,1.343455,664.8399879261851,6.135458167330178e-05
2025-12-31 10:20:00,1.34345,1.3437100000000002,1.343445,1.34346,471.279993891716,5.7988505747137536e-05
2025-12-31 10:25:00,1.3434650000000001,1.343515,1.343435,1.34348,287.81999522447586,6.671999999999478e-05
2025-12-31 10:30:00,1.3434750000000002,1.343915,1.34346,1.34348,600.7299910336733,6.867383512544906e-05
2025-12-31 10:35:00,1.3434750000000002,1.3436600000000003,1.343445,1.343515,538.219988770783,6.154716981132512e-05
2025-12-31 10:40:00,1.34352,1.3436750000000002,1.34329,1.3433800000000002,526.8099908530712,6.120967741935561e-05
2025-12-31 10:45:00,1.343385,1.3437000000000001,1.343325,1.34348,765.5799907147884,6.975830815710791e-05
2025-12-31 10:50:00,1.343455,1.3435700000000002,1.3432850000000003,1.3433450000000002,717.9399913027883,6.684745762713431e-05
2025-12-31 10:55:00,1.34333,1.34402,1.3433100000000002,1.343845,844.4599876627326,6.217983651226902e-05
2025-12-31 11:00:00,1.3438500000000002,1.34437,1.3437400000000002,1.34375,906.6299904808402,6.875634517766568e-05
2025-12-31 11:05:00,1.3437400000000002,1.34427,1.3437400000000002,1.343995,578.689992621541,6.558139534884513e-05
2025-12-31 11:10:00,1.3439900000000002,1.3445850000000001,1.3439450000000002,1.3445850000000001,555.4799954593182,7.404669260700861e-05
2025-12-31 11:15:00,1.3445900000000002,1.3448700000000002,1.3445850000000001,1.3446900000000002,504.0499948784709,6.246636771299452e-05
2025-12-31 11:20:00,1.3447,1.3452600000000001,1.3446600000000002,1.3449750000000003,504.79999309778214,5.936170212766579e-05
2025-12-31 11:25:00,1.34497,1.3451050000000002,1.34495,1.34498,246.95999567210674,5.2017543859639304e-05
2025-12-31 11:30:00,1.34497,1.34525,1.3449650000000002,1.34502,390.9599956870079,5.824561403509663e-05
2025-12-31 11:35:00,1.34501,1.3456000000000001,1.344945,1.3454000000000002,433.5099932476878,5.93939393939416e-05
2025-12-31 11:40:00,1.3453950000000001,1.34566,1.3452700000000002,1.345615,452.3599934577942,5.342105263158066e-05
2025-12-31 11:45:00,1.3456100000000002,1.3457000000000001,1.345485,1.34558,353.15999388694763,5.045161290324116e-05
2025-12-31 11:50:00,1.3455750000000002,1.34558,1.3449550000000001,1.3451750000000002,681.7599893212318,5.8091872791512406e-05
2025-12-31 11:55:00,1.345185,1.3455500000000002,1.345015,1.3455450000000002,902.1699901819229,6.814645308924212e-05
2025-12-31 12:00:00,1.3455400000000002,1.3459850000000002,1.345345,1.34552,988.7899833470583,6.000000000000066e-05
2025-12-31 12:05:00,1.3455150000000002,1.3455150000000002,1.344715,1.3447550000000001,715.799986332655,6.411242603549399e-05
2025-12-31 12:10:00,1.34477,1.3453150000000003,1.34477,1.3452700000000002,344.7399935424328,5.0696202531644623e-05
2025-12-31 12:15:00,1.3452650000000002,1.345955,1.345255,1.345895,557.6399919986725,5.814671814671843e-05
2025-12-31 12:20:00,1.3459050000000001,1.3462,1.345675,1.345675,593.4799886345863,4.9475655430711403e-05
2025-12-31 12:25:00,1.3456700000000001,1.3459050000000001,1.345485,1.3455450000000002,560.9099907204509,5.5801526717560934e-05
2025-12-31 12:30:00,1.3455400000000002,1.3460300000000003,1.34551,1.3459800000000002,708.5199921056628,6.491279069766849e-05
2025-12-31 12:35:00,1.34599,1.3465000000000003,1.34597,1.346225,660.7099929898977,6.791798107255466e-05
2025-12-31 12:40:00,1.3462150000000002,1.3465150000000001,1.34618,1.3462800000000001,620.4699927940965,6.140939597315579e-05
2025-12-31 12:45:00,1.34627,1.34666,1.3462550000000002,1.3464,569.9199915900826,6.455598455597282e-05
2025-12-31 12:50:00,1.3463850000000002,1.3467700000000002,1.3463100000000001,1.3463250000000002,583.9099920839071,7.224755700325111e-05
2025-12-31 12:55:00,1.34633,1.34687,1.34633,1.3466900000000002,974.039985910058,6.635394456289324e-05
2025-12-31 13:00:00,1.3467000000000002,1.3471700000000002,1.3467000000000002,1.346705,1039.949987463653,7.198039215685973e-05
2025-12-31 13:05:00,1.34671,1.34691,1.346555,1.34667,1034.2899861186743,8.569819819819201e-05
2025-12-31 13:10:00,1.34666,1.346745,1.346435,1.3466550000000002,733.3199865445495,6.265861027191466e-05
2025-12-31 13:15:00,1.34666,1.3473700000000002,1.3466550000000002,1.347365,961.1099869608879,6.909090909091109e-05
2025-12-31 13:20:00,1.347385,1.347655,1.34706,1.34707,909.1599833667278,6.354460093897165e-05
2025-12-31 13:25:00,1.3470650000000002,1.347105,1.346695,1.3469350000000002,650.679986089468,6.327217125382767e-05
2025-12-31 13:30:00,1.34691,1.34691,1.34551,1.3456050000000002,1214.5099777504802,8.285714285715283e-05
2025-12-31 13:35:00,1.345615,1.3458,1.3452450000000002,1.345765,1365.0599747747183,5.8161434977576156e-05
2025-12-31 13:40:00,1.3457500000000002,1.34584,1.3453300000000001,1.345345,931.5399852693081,6.25130890052394e-05
2025-12-31 13:45:00,1.34535,1.34557,1.3449,1.344945,1054.2499877735972,6.708428246013258e-05
2025-12-31 13:50:00,1.3449400000000002,1.3453950000000001,1.344815,1.3452700000000002,1246.0099988803267,7.245934959350308e-05
2025-12-31 13:55:00,1.345275,1.3455700000000002,1.3450550000000001,1.345425,1520.659995906055,6.613175675675041e-05
2025-12-31 14:00:00,1.3454300000000001,1.345525,1.344845,1.3451250000000001,1394.3899878636003,5.600665557404773e-05
2025-12-31 14:05:00,1.345135,1.34518,1.3444150000000001,1.345065,1139.9699822738767,5.3072407045012025e-05
2025-12-31 14:10:00,1.34503,1.3453600000000001,1.3449,1.34502,768.1499855741858,4.8688046647232726e-05
2025-12-31 14:15:00,1.3450000000000002,1.345065,1.3446250000000002,1.34497,1027.5599865168333,6.0361173814904405e-05
2025-12-31 14:20:00,1.34497,1.344985,1.34464,1.3446550000000002,1079.859984755516,6.26019417475742e-05
2025-12-31 14:25:00,1.3446600000000002,1.34477,1.34441,1.3444800000000001,1089.7199804708362,6.131313131313421e-05
2025-12-31 14:30:00,1.3444850000000002,1.3447550000000001,1.3442250000000002,1.34455,1425.65997954458,5.948995363215408e-05
2025-12-31 14:35:00,1.34456,1.3447250000000002,1.3441450000000001,1.34415,1103.679980136454,6.303030303031602e-05
2025-12-31 14:40:00,1.3441450000000001,1.34437,1.34397,1.34413,1106.909981817007,6.876893939392479e-05
2025-12-31 14:45:00,1.344125,1.344255,1.3437050000000001,1.343725,1226.2999812811613,6.437086092715935e-05
2025-12-31 14:50:00,1.3437200000000002,1.3441300000000003,1.3436050000000002,1.343625,894.089982740581,5.4368932038843516e-05
2025-12-31 14:55:00,1.34362,1.3438150000000002,1.3432400000000002,1.3433950000000001,1316.4099769443274,5.9150943396227445e-05
2025-12-31 15:00:00,1.3433900000000003,1.3433950000000001,1.3419400000000001,1.3423600000000002,1220.9599787443876,5.525043177892452e-05
2025-12-31 15:05:00,1.3423600000000002,1.3424,1.3415500000000002,1.341555,1371.329977273941,6.134466769706509e-05
2025-12-31 15:10:00,1.3415500000000002,1.34165,1.3407,1.34097,1307.469977028668,5.480902777778026e-05
2025-12-31 15:15:00,1.3409650000000002,1.34112,1.3401800000000001,1.3408200000000001,1572.019971266389,6.036388140163056e-05
2025-12-31 15:20:00,1.3408300000000002,1.34129,1.34034,1.34117,1389.6499794572592,6.951534733441843e-05
2025-12-31 15:25:00,1.34118,1.34124,1.34083,1.3412250000000001,1307.2299813851714,7.053356282271566e-05
2025-12-31 15:30:00,1.3412300000000001,1.342035,1.3412300000000001,1.3419400000000001,1578.8799772113562,6.633514986375675e-05
2025-12-31 15:35:00,1.341935,1.3426,1.3419,1.3422300000000003,1449.009979404509,7.237871674491378e-05
2025-12-31 15:40:00,1.342235,1.34314,1.34213,1.3431250000000001,1192.679986409843,7.697635135135642e-05
2025-12-31 15:45:00,1.3431300000000002,1.34336,1.3420550000000002,1.342435,1490.4699752628803,7.660377358490766e-05
2025-12-31 15:50:00,1.3424400000000003,1.34436,1.3419600000000003,1.3441750000000001,2502.149963736534,7.670033670033789e-05
2025-12-31 15:55:00,1.34417,1.34539,1.3438750000000002,1.345065,2438.599968507886,6.507293354943278e-05
2025-12-31 16:00:00,1.3450700000000002,1.345865,1.344745,1.345255,2485.219966933131,7.057983193278283e-05
2025-12-31 16:05:00,1.3452650000000002,1.345935,1.3451250000000001,1.34549,1434.309982009232,7.512781954887186e-05
2025-12-31 16:10:00,1.3454700000000002,1.3459750000000001,1.3453650000000001,1.3458100000000002,1318.949986897409,8.314529914530715e-05
2025-12-31 16:15:00,1.34578,1.3460050000000001,1.34538,1.3458700000000001,1030.4599879682064,8.257575757576699e-05
2025-12-31 16:20:00,1.345875,1.3459050000000001,1.345145,1.34566,1017.9699870869517,7.763392857142865e-05
2025-12-31 16:25:00,1.3456650000000001,1.34603,1.34565,1.34585,753.6099893674254,7.056497175142372e-05
2025-12-31 16:30:00,1.34586,1.3458700000000001,1.3449400000000002,1.3449400000000002,774.9799869135022,7.273480662982986e-05
2025-12-31 16:35:00,1.344945,1.3449600000000002,1.344535,1.3448550000000001,939.7199875563383,7.276688453159836e-05
2025-12-31 16:40:00,1.34485,1.34517,1.344325,1.34437,658.4199896156788,7.246666666666697e-05
2025-12-31 16:45:00,1.34436,1.3444000000000003,1.34382,1.3438750000000002,755.3099894225597,7.997093023256567e-05
2025-12-31 16:50:00,1.34387,1.3443850000000002,1.3437700000000001,1.3442450000000001,839.6799908131361,7.325870646767213e-05
2025-12-31 16:55:00,1.3442500000000002,1.34464,1.34423,1.34461,1581.5299889817834,7.124054462935026e-05
2025-12-31 17:00:00,1.3446150000000001,1.344715,1.34416,1.3444800000000001,1182.5599925369024,7.208955223879604e-05
2025-12-31 17:05:00,1.344475,1.34469,1.34393,1.3439900000000002,1214.9999956414104,7.880753138075101e-05
2025-12-31 17:10:00,1.3439850000000002,1.3443200000000002,1.343855,1.3442600000000002,976.1099964603782,6.704194260485261e-05
2025-12-31 17:15:00,1.34427,1.3447500000000001,1.344135,1.3447300000000002,1281.969999872148,7.168478260869705e-05
2025-12-31 17:20:00,1.3447250000000002,1.3450900000000001,1.34464,1.345005,1136.3599887564778,7.56038647342928e-05
2025-12-31 17:25:00,1.3450100000000003,1.3450900000000001,1.3447850000000001,1.3449550000000001,836.6299940794706,7.268292682926651e-05
2025-12-31 17:30:00,1.3449500000000003,1.345155,1.3448600000000002,1.345045,494.9999950006604,7.264026402640952e-05
2025-12-31 17:35:00,1.34504,1.345075,1.34481,1.3450600000000001,302.36999610066414,7.733050847457575e-05
2025-12-31 17:40:00,1.3450650000000002,1.3451950000000001,1.3447500000000001,1.3447650000000002,485.809993006289,8.534351145038907e-05
2025-12-31 17:45:00,1.34477,1.3454000000000002,1.3447650000000002,1.3454000000000002,528.9099924787879,6.891525423729853e-05
2025-12-31 17:50:00,1.345415,1.34559,1.34495,1.3451500000000003,694.87999009341,7.60158311345623e-05
2025-12-31 17:55:00,1.345145,1.34529,1.34471,1.345215,1006.98998644948,7.761648745519029e-05
2025-12-31 18:00:00,1.3452100000000002,1.34571,1.34469,1.3447850000000001,863.3899899125099,5.565121412804453e-05
2025-12-31 18:05:00,1.3447900000000002,1.3455050000000002,1.34477,1.3452800000000003,406.8399912714958,5.6886792452823716e-05
2025-12-31 18:10:00,1.34531,1.34571,1.34531,1.34571,403.94999273866415,5.83888888888927e-05
2025-12-31 18:15:00,1.3457150000000002,1.3458050000000001,1.34525,1.3452800000000003,381.5699937939644,5.6578947368409564e-05
2025-12-31 18:20:00,1.3452700000000002,1.34535,1.3448800000000003,1.34535,703.9799879342318,7.391585760517503e-05
2025-12-31 18:25:00,1.345335,1.3455700000000002,1.345265,1.3454050000000002,685.1099879220128,7.944615384615713e-05
2025-12-31 18:30:00,1.3453950000000001,1.3455850000000003,1.345085,1.3452600000000001,727.8699858859181,7.392330383480523e-05
2025-12-31 18:35:00,1.3452700000000002,1.3454100000000002,1.3452600000000001,1.34531,142.339997112751,5.690140845068608e-05
2025-12-31 18:40:00,1.34532,1.345515,1.3452000000000002,1.3452100000000002,320.3799943253398,7.496932515336407e-05
2025-12-31 18:45:00,1.3451350000000002,1.3453,1.3450550000000001,1.34519,312.7299960181117,6.326086956520061e-05
2025-12-31 18:50:00,1.3451750000000002,1.34531,1.3450600000000001,1.34518,254.0099944472313,5.05217391304298e-05
2025-12-31 18:55:00,1.34519,1.3453500000000003,1.3449900000000001,1.3453350000000002,373.36999240517616,5.6839080459763475e-05
2025-12-31 19:00:00,1.34535,1.345725,1.3453400000000002,1.3456200000000003,567.0399898812175,5.7354085603108423e-05
2025-12-31 19:05:00,1.34564,1.3457500000000002,1.3455050000000002,1.34558,295.42999482154846,5.282608695652831e-05
2025-12-31 19:10:00,1.34557,1.3457500000000002,1.3455500000000002,1.34569,338.55999524891376,5.5279503105582596e-05
2025-12-31 19:15:00,1.345685,1.3456900000000003,1.34538,1.3454300000000001,207.73999620974064,5.1553398058268956e-05
2025-12-31 19:20:00,1.3454200000000003,1.3455850000000003,1.34538,1.3454800000000002,307.6799947619438,6.3219178082209e-05
2025-12-31 19:25:00,1.3454900000000003,1.3456100000000002,1.3453650000000001,1.3454700000000002,320.95999455451965,7.00621118012461e-05
2025-12-31 19:30:00,1.3454800000000002,1.3455300000000001,1.3453,1.3453500000000003,285.73999601602554,6.283464566929036e-05
2025-12-31 19:35:00,1.3453600000000001,1.3456800000000002,1.345285,1.3455600000000003,308.39999467134476,4.737588652482126e-05
2025-12-31 19:40:00,1.3455700000000002,1.3457400000000002,1.3455700000000002,1.3456700000000001,263.7199954390526,4.9159663865539874e-05
2025-12-31 19:45:00,1.3456650000000001,1.3457400000000002,1.34557,1.34571,251.7399975731969,5.20149253731238e-05
2025-12-31 19:50:00,1.3457150000000002,1.3457400000000002,1.3454700000000002,1.3455,430.2499918192625,5.3580786026208645e-05
2025-12-31 19:55:00,1.3454800000000002,1.34607,1.3454000000000002,1.3459800000000002,415.78999419510365,5.074468085106084e-05
2025-12-31 20:00:00,1.3459600000000003,1.3463850000000002,1.345955,1.3463700000000003,385.12999352812767,4.769662921349623e-05
2025-12-31 20:05:00,1.34639,1.3467500000000001,1.3461850000000002,1.34672,421.2599912881851,5.2864864864863124e-05
2025-12-31 20:10:00,1.3467100000000003,1.3469000000000002,1.34658,1.34687,288.39999413490295,4.584615384616554e-05
2025-12-31 20:15:00,1.346845,1.347085,1.34681,1.34699,183.74999672174454,5.068965517242939e-05
2025-12-31 20:20:00,1.34698,1.3471950000000001,1.3468950000000002,1.347185,269.7599944472313,5.551181102362555e-05
2025-12-31 20:25:00,1.347165,1.3473900000000003,1.3471600000000001,1.3472750000000002,311.71999484300613,6.432432432431964e-05
2025-12-31 20:30:00,1.34728,1.347515,1.34719,1.3474050000000002,312.7599951326847,6.979999999998505e-05
2025-12-31 20:35:00,1.34739,1.34762,1.347235,1.3476050000000002,299.8599951863289,6.057553956835878e-05
2025-12-31 20:40:00,1.3475900000000003,1.347775,1.34746,1.347655,188.54999661445618,5.227272727274422e-05
2025-12-31 20:45:00,1.34763,1.3477100000000002,1.34712,1.347175,210.20999586582184,5.520000000001524e-05
2025-12-31 20:50:00,1.34718,1.3473800000000002,1.34694,1.347345,326.4399933218956,5.823943661972456e-05
2025-12-31 20:55:00,1.34734,1.348165,1.3472950000000001,1.34802,798.3499891459942,6.0629722921902705e-05
2025-12-31 21:00:00,1.348025,1.348375,1.3478250000000003,1.34787,628.8699913397431,9.00287356321803e-05
2025-12-31 21:05:00,1.347845,1.3478500000000002,1.347525,1.3478150000000002,197.5299961566925,0.0001054807692307749
2025-12-31 21:10:00,1.3478050000000001,1.34789,1.3477750000000002,1.347795,381.5399926304817,0.00010269662921350726
2025-12-31 21:15:00,1.3478,1.3479050000000001,1.3477350000000001,1.3478750000000002,62.54999876022339,7.653846153845054e-05
2025-12-31 21:20:00,1.347895,1.3479550000000002,1.347635,1.3476850000000002,165.14999651908875,6.719512195123459e-05
2025-12-31 21:25:00,1.34768,1.347725,1.347625,1.347705,229.94999474287033,7.419354838711367e-05
2025-12-31 21:30:00,1.347695,1.3477700000000001,1.3476750000000002,1.347725,150.87999749183655,0.00013814814814814443
2025-12-31 21:35:00,1.347715,1.3477750000000002,1.3476750000000002,1.3477050000000002,37.79999911785126,8.749999999997371e-05
2025-12-31 21:40:00,1.34768,1.3477700000000001,1.347655,1.3477000000000001,114.85999763011932,0.00012903846153846995
2025-12-31 21:45:00,1.347685,1.3477350000000001,1.3474750000000002,1.3475100000000002,866.4699856638908,0.00015682719546739903
2025-12-31 21:50:00,1.3475000000000001,1.347595,1.3473950000000001,1.347485,357.2999931573868,0.0001007499999999717
2025-12-31 21:55:00,1.347525,1.347575,1.3473600000000001,1.3473750000000002,241.19999438524246,0.00014634328358206232
